Ali-G <gauvain.dauchy@free.fr> ali-g <gauvain.dauchy@free.fr>
Ali-G <gauvain.dauchy@free.fr> Ali-G <gauvain@devil.(none)>
Ali-G <gauvain.dauchy@free.fr> alige Ali-G <aligetmw@hotmail.fr>
Ben Longbons <b.r.longbons@gmail.com> o11c <b.r.longbons@gmail.com>
Cassy1 <cassy.tmw@gmail.com> Cassy <cassy.tmw@gmail.com>
Chuck Miller <shadowmil@gmail.com> Charles Miller <shadowmil@gmail.com>
Coffee <coffee@coffee-EP45-UD3L.(none)> <cafe@cafe-EP45-UD3L.(none)>
Coffee <coffee@coffee-EP45-UD3L.(none)> <coffee@coffee-ep45-ud3l.(none)>
Darky <dark_mage.87@mail.ru> <developer@Pirat.(none)>
Darky <dark_mage.87@mail.ru> Dark_Mage <dark_mage.87@mail.ru>
Darky <dark_mage.87@mail.ru> Darky <rf_online@mail.ru>
David Gay <oddshocks@riseup.net> David Gay <oddshocks@gmail.com>
Dennis Friis <peavey@inspircd.org> Dennis Friis <peavey@placid.dk>
Dennis Friis <peavey@inspircd.org> peavey <peavey@inspircd.org>
Enchilado <crunchy@crunchy-Satellite-L300.(none)> <crunchy@crunchy-satellite-l300.(none)>
Enchilado <crunchy@crunchy-Satellite-L300.(none)> <pheonixvania@gmail.com>
Enchilado <crunchy@crunchy-Satellite-L300.(none)> <www.e.sayers@gmail.com>
Fate <fate-tmw@googlemail.com> Fate <fate.tmw@googlemail.com>
Fate <fate-tmw@googlemail.com> Fate <fate@kino.cs.colorado.edu>
Freeyorp <Freeyorp101@hotmail.com> Freeyorp <Freeyorp101@NOSPAM@hotmail.com>
Freeyorp <Freeyorp101@hotmail.com> Freeyorp <TheFreeYorp+github@gmail.com>
Freeyorp <Freeyorp101@hotmail.com> Freeyorp <freeyorp101@hotmail.com>
Hello=) <hello@themanaworld.org>
HoraK-FDF <horak-fdf@web.de> <HoraK-FDF@web.de>
Jarrett Thomas-Huxley <fotherjarrett@gmail.com> fother <fotherjarrett@gmail.com>
Jessica Tölke <jtoelke@mail.upb.de> jtoelke <jtoelke@gmx.de>
Jesusaves <jesusalva@themanaworld.org> <cpntb1@ymail.com>
Joseph Greene <fluffyanddeadly999@gmail.com> Pihro <fluffyanddeadly999@gmail.com>
Ledmitz <smoothshifter@tuta.io>
Ledmitz <smoothshifter@tuta.io> <69915785+Ledmitz@users.noreply.github.com>
Monwarez <monwarez@gmail.com> monwarez <monwarez@users.noreply.github.com>
Stefan Dombrowski <stefan@uni-bonn.de> Stefan Dombrowski <sdo451@gmail.com>
The Kandiman <thekandiman@gmail.com> The Kandiman <kandiman@kandiman.(none)>
The Kandiman <thekandiman@gmail.com> TheKandiman <thekandiman@gmail.com>
Thorbjørn Lindeijer <bjorn@lindeijer.nl> <bjorn@lindeijer.nl>
Thorbjørn Lindeijer <bjorn@lindeijer.nl> <thorbjorn.lindeijer@nokia.com>
Thorbjørn Lindeijer <bjorn@lindeijer.nl> <thorbjorn@lindeijer.nl>
WildX <wildx@evolonline.org> WildX001 <wildx@evolonline.org>
Wombat <hpwombat@yahoo.com> brokendoor <brokendoor@brokendoor-desktop.(none)>
gumi <git@gumi.ca> <git@gumi.ca>
gumi <git@gumi.ca> <mekolat@gmail.com>
gumi <git@gumi.ca> <mekolat@users.noreply.github.com>
jak1 <mike.wollmann@gmail.com> Mike <mikewollmann@gmail.com>
meways <mewaysID@yahoo.com> Meway <meway@meway.dyndns.org>
meways <mewaysID@yahoo.com> meways <mewaysid@yahoo.com>
remoitnane <remoit(DOT)nane(AT)gmail(DOT)com> <remoit(DOT)nane(AT)gmail(DOT)com>
wushin <pasekei@gmail.com> Wushin <pasekei@gmail.com>
